{
  "tfidf": {
    "map": 0.19599284661294408,
    "p@5": 0.3315789473684211,
    "r@5": 0.06838641871587284,
    "ndcg@5": 0.3535768666334682,
    "p@10": 0.2815789473684211,
    "r@10": 0.10835874320263057,
    "ndcg@10": 0.3139495283042259
  },
  "bm25": {
    "map": 0.2044832975413532,
    "p@5": 0.3894736842105263,
    "r@5": 0.09992883754662776,
    "ndcg@5": 0.40951284092826823,
    "p@10": 0.3276315789473684,
    "r@10": 0.149305895007724,
    "ndcg@10": 0.3668923231768922
  },
  "rocchio": {
    "map": 0.14696904121688484,
    "p@5": 0.2763157894736842,
    "r@5": 0.04502351717334576,
    "ndcg@5": 0.2899682587434391,
    "p@10": 0.25394736842105264,
    "r@10": 0.08390104059275942,
    "ndcg@10": 0.27217979543249937
  }
}