{
  "tfidf": {
    "map": 0.49645629712584766,
    "p@5": 0.13199999999999998,
    "r@5": 0.66,
    "ndcg@5": 0.5267661322983667,
    "p@10": 0.07199999999999998,
    "r@10": 0.72,
    "ndcg@10": 0.5462291523892655,
    "time_seconds": 1.286991
  },
  "bm25": {
    "map": 0.6461783212112627,
    "p@5": 0.16199999999999995,
    "r@5": 0.81,
    "ndcg@5": 0.6817299895210384,
    "p@10": 0.08399999999999999,
    "r@10": 0.84,
    "ndcg@10": 0.6914570101166158,
    "time_seconds": 1.109946
  },
  "rocchio": {
    "map": 0.6103159083690236,
    "p@5": 0.15599999999999994,
    "r@5": 0.78,
    "ndcg@5": 0.6439697116188775,
    "p@10": 0.08599999999999998,
    "r@10": 0.8533333333333333,
    "ndcg@10": 0.6673786805706016,
    "time_seconds": 0.770153
  },
  "metadata": {
    "dataset": "MS MARCO",
    "num_documents": 10000,
    "num_queries": 100,
    "total_time_seconds": 3.167173
  }
}