{
  "tfidf": {
    "map": 0.3915536056276674,
    "p@5": 0.102,
    "r@5": 0.48833333333333334,
    "ndcg@5": 0.39836230747883516,
    "p@10": 0.06499999999999999,
    "r@10": 0.6183333333333334,
    "ndcg@10": 0.4429838982828005,
    "time_seconds": 14.501139
  },
  "bm25": {
    "map": 0.7471903419914676,
    "p@5": 0.17399999999999996,
    "r@5": 0.8333333333333333,
    "ndcg@5": 0.7604201166486384,
    "p@10": 0.09599999999999997,
    "r@10": 0.9116666666666667,
    "ndcg@10": 0.7867930685880615,
    "time_seconds": 11.688905
  },
  "rocchio": {
    "map": 0.6258720330510684,
    "p@5": 0.15399999999999994,
    "r@5": 0.745,
    "ndcg@5": 0.6446500250182856,
    "p@10": 0.08399999999999999,
    "r@10": 0.8033333333333332,
    "ndcg@10": 0.6638737706657675,
    "time_seconds": 7.441127
  },
  "metadata": {
    "dataset": "MS MARCO",
    "num_documents": 100000,
    "num_queries": 100,
    "total_time_seconds": 33.63125
  }
}