{
  "tfidf": {
    "map": 0.508007386125608,
    "p@5": 0.13599999999999995,
    "r@5": 0.6483333333333333,
    "ndcg@5": 0.5363387936408694,
    "p@10": 0.07499999999999998,
    "r@10": 0.7083333333333333,
    "ndcg@10": 0.55592546802571,
    "time_seconds": 7.048142
  },
  "bm25": {
    "map": 0.7508817932848136,
    "p@5": 0.18399999999999994,
    "r@5": 0.8716666666666667,
    "ndcg@5": 0.7780272217763009,
    "p@10": 0.09599999999999997,
    "r@10": 0.9116666666666667,
    "ndcg@10": 0.7911966625494975,
    "time_seconds": 5.627224
  },
  "rocchio": {
    "map": 0.6671659965653098,
    "p@5": 0.16999999999999996,
    "r@5": 0.8183333333333332,
    "ndcg@5": 0.6988429703608412,
    "p@10": 0.09099999999999998,
    "r@10": 0.8683333333333333,
    "ndcg@10": 0.7159873269398477,
    "time_seconds": 3.908922
  },
  "metadata": {
    "dataset": "MS MARCO",
    "num_documents": 50000,
    "num_queries": 100,
    "total_time_seconds": 16.584361
  }
}